,keyword,lang,conf
0,gurken einwecken,de,0.99
1,gurken pflanzen,de,0.99
2,gurkenpflanzen pflegen,de,0.99
3,gurkensalat dill,de,0.99
4,gurkensuppe kalt,de,0.99
5,Gurktaler Vz,de,0.99
6,gustav büsing,de,0.71
7,gute besserung,de,0.99
8,gute handyspiele 2015,de,0.99
9,gute spiele für android,de,0.99
10,guzmania pflege,it,0.57
11,gwen stefani,de,0.99
12,gwxux funktioniert nicht mehr,de,0.99
13,gwxux funktioniert nicht mehr AS,de,0.99
14,gwyneth paltrow,en,0.71
15,gyros rezept,es,0.57
16,gzsz news,pl,0.99
17,gzsz vince und sunny,en,0.42
18,gzsz vorschau,de,0.99
19,höchstgeschwindigkeit österreich,de,0.99
20,höchstsatz arbeitslosengeld,de,0.99
21,höhe mutterschaftsgeld,de,0.99
22,hähnchen curry,de,0.71
23,hähnchen im backofen,de,0.99
24,hähnchenschenkel grillen,de,0.99
25,häkelanleitung kostenlos,de,0.99
26,häkelanleitung tiere,de,0.99
27,häkeln für anfänger,de,0.99
28,häkeln lernen,de,0.99
29,hände schlafen ein,de,0.99
30,häufiges wasserlassen,de,0.99
31,hüftspeck abnehmen,de,0.99
32,hühnerauge hausmittel,de,0.99
33,hühnerstall selber bauen,de,0.99
34,haarausfall forum,de,0.57
35,haarausfall nach der geburt,de,0.99
36,haarausfall nach der schwangerschaft,de,0.99
37,haarausfall nach schwangerschaft,de,0.99
38,haarausfall stillzeit,de,0.99
39,haarbürste reinigen,de,0.99
40,haare brechen ab,de,0.99
41,haare entfärben,de,0.99
42,haare entfernen,de,0.99
43,haare färben,de,0.99
44,haare färben in der schwangerschaft,de,0.99
45,haare färben schwanger,de,0.99
46,haare flechten,de,0.99
47,haare schneiden mond,de,0.99
48,haare schneiden mondkalender,de,0.99
49,haare schneiden nach dem mond,de,0.99
50,haareschneiden nach dem mond,de,0.99
51,haarfarbe von der haut entfernen,de,0.99
52,haarfarbe von haut entfernen,de,0.99
53,haarschnitte für feines haar,de,0.99
54,hackfleisch rezepte,de,0.99
55,hainbuche schneiden,de,0.99
56,hainbuchenhecke schneiden,de,0.99
57,halbmarathon trainingsplan,en,0.99
58,hallux valgus operation AS,fr,0.71
59,halsschmerzen gehen nicht weg,de,0.99
60,halsschmerzen hausmittel,de,0.99
61,halsschmerzen was tun,de,0.99
62,halswickel bei halsschmerzen,de,0.99
63,hamburg mit kindern,de,0.99
64,handy games 2015,en,0.99
65,handy orten,en,0.99
66,handy spiele 2015,en,0.99
67,handy wird heiß,de,0.85
68,Handybilder kostenlos,de,0.99
69,hanfpalme pflege,de,0.57
70,hang seng,en,0.99
71,hangouts angehalten,de,0.85
72,hanka rackwitz,pl,0.85
73,hannes jaenicke,de,0.99
74,hannover 96,en,0.99
75,hannover 96 spielplan,it,0.99
76,hansa rostock,es,0.57
77,hansapark 2 für 1 gutschein,de,0.99
78,harry potter neuer film,fr,0.57
79,harry styles,en,0.99
80,hart aber herzlich,de,0.99
81,harter bauch,de,0.99
82,harter stuhlgang,de,0.99
83,harter stuhlgang was tun,de,0.99
84,hartgekochtes ei,de,0.99
85,hartriegel schneiden,de,0.99
86,hartz 4,de,0.99
87,hartz 4 AS,de,0.99
88,hartz 4 aufstockung,de,0.99
89,hartz 4 miete,de,0.99
90,hartz 4 rechner,de,0.99
91,hartz 4 satz,de,0.99
92,hartz 4 urlaub,de,0.99
93,hartz 4 wieviel,de,0.99
94,hartz4 nachrichten,de,0.99
95,harvest moon,en,0.99
96,harvest moon ds cheats,en,0.99
97,harz aus kleidung,de,0.99
98,harz aus kleidung entfernen,de,0.99
99,harz entfernen,de,0.99
100,harzflecken entfernen,de,0.99
101,hasenställe günstig m,de,0.99
102,hasenstall bauen,de,0.99
103,hasenstall isoliert 32,de,0.99
104,hauptstädte europa,de,0.99
105,hauptstädte europas,de,0.71
106,hausgarten forum,de,0.99
107,haushaltshilfe nach geburt,de,0.99
108,hausmittel abfluss verstopft,de,0.99
109,hausmittel bei fersensporen,de,0.99
110,hausmittel bei sonnenbrand,de,0.99
111,hausmittel für weiße zähne,de,0.99
112,hausmittel gegen übelkeit,de,0.99
113,hausmittel gegen ameisen,de,0.99
114,hausmittel gegen ameisen im haus,de,0.99
115,hausmittel gegen augenringe,de,0.99
116,hausmittel gegen bindehautentzündung,de,0.99
117,hausmittel gegen blattläuse,de,0.99
118,hausmittel gegen durchfall,de,0.99
119,hausmittel gegen falten,de,0.99
120,hausmittel gegen fersenspron,de,0.99
121,hausmittel gegen fettige haut,de,0.99
122,hausmittel gegen fieber,de,0.99
123,hausmittel gegen fliegen,de,0.99
124,hausmittel gegen fußpilz,de,0.99
125,hausmittel gegen hühneraugen,de,0.99
126,hausmittel gegen halsschmerzen,de,0.99
127,hausmittel gegen holzwurm,de,0.99
128,hausmittel gegen husten,de,0.99
129,hausmittel gegen kopfläuse,de,0.99
130,hausmittel gegen läuse,de,0.99
131,hausmittel gegen mücken,de,0.99
132,hausmittel gegen mücken im zimmer,de,0.99
133,hausmittel gegen maulwurf,de,0.99
134,hausmittel gegen motten,de,0.99
135,hausmittel gegen ohrenschmerzen,de,0.99
136,hausmittel gegen schnaken,de,0.99
137,hausmittel gegen schnupfen,de,0.99
138,hausmittel gegen schuppen,de,0.99
139,hausmittel gegen sodbrennen,de,0.99
140,hausmittel gegen sonnenbrand,de,0.99
141,hausmittel gegen stechmücken,de,0.99
142,hausmittel gegen trockene haare,de,0.99
143,hausmittel gegen unkraut,de,0.99
144,hausmittel gegen wühlmäuse,de,0.99
145,hausmittel gegen warzen,de,0.99
146,hausmittel gegen wespen,de,0.99
147,hausmittel gegen wespennest,de,0.99
148,hausmittel gegen wespennester,de,0.99
149,hausmittel gegen zahnschmerzen,de,0.99
150,hausmittel halsschmerzen,de,0.99
151,hausmittel juckende kopfhaut,de,0.99
152,hausmittel mücken,de,0.99
153,hausmittel ohrenschmerzen,de,0.99
154,hausmittel rohr verstopft,de,0.99
155,hausmittel sonnenbrand,de,0.99
156,hausmittel warzenentfernung,de,0.99
157,hausmittel zahnschmerzen,de,0.99
158,hauswurz pflege,de,0.99
159,hautpilz behandlung,de,0.99
160,hawaii reisezeit,de,0.99
161,hcg tabelle urin,en,0.85
162,HCI Hammonia Shipping AG,en,0.99
163,hdmi splitter 2 in 1 out 32,en,0.99
164,heath ledger,en,0.99
165,hecke schneiden,de,0.99
166,hecken schneiden,de,0.99
167,Heckenschere Benzin 32,de,0.99
168,heco victa,es,0.99
169,hefeteig einfrieren,de,0.99
170,heiße füße,de,0.99
171,heiße füße abends,de,0.99
172,heiße füße was tun,de,0.99
173,heidel druck,de,0.99
174,heidelbeere pflanzen,de,0.99
175,heidelbeeren einfrieren,de,0.99
176,heidelbeeren kalorien,de,0.99
177,heidelbeeren pflanzen,de,0.99
178,heidelbeeren schneiden,de,0.99
179,heidelbeerflecken entfernen,de,0.99
180,heidelberger druck,de,0.99
181,heidi klum,de,0.99
182,heidi klum AS,de,0.99
183,heidi klum instagram,de,0.85
184,heidi klum news,de,0.99
185,heidi klum ungeschminkt,de,0.99
186,heike drechsler,de,0.99
187,heike makatsch,de,0.99
188,heike makatsch kinder,de,0.85
189,heike makatsch töchter,de,0.99
190,heimkino bilder,de,0.99
191,heisse füsse,de,0.99
192,heisse füsse nachts,de,0.99
193,heizkörper streichen,de,0.99
194,hekla lava,it,0.71
195,helen hunt,de,0.99
196,helena fürst,de,0.99
197,helene fischer,de,0.99
198,helene fischer berlin,de,0.99
199,helene fischer florian silbereisen,de,0.99
200,helene fischer hört auf,de,0.99
201,helene fischer hochzeit,de,0.99
202,helene fischer konzert,de,0.99
203,helene fischer nackt,de,0.99
204,helene fischer slip foto,de,0.71
205,helene fischer und florian silbereisen,de,0.99
206,helene fischer und florian silbereisen AS,de,0.99
207,maus fangen,fr,0.57
208,blazer sans manche,fr,0.42
209,bleach saison 3 vostfr youwatch,en,0.99
210,blique actimum toul,fr,0.99
211,blocage tablette par police,fr,0.42
212,blog exhib,en,0.99
213,Blog Femmes matures,fr,0.99
214,blog recette maghreb,it,0.64
215,BLOG TTBM 20X5,zh-tw,0.99
216,blogs jeunes nudistes,fr,0.99
217,bloquer un numero galaxy s6,es,0.99
218,Blouson denim moyen,fr,0.99
219,blouson moto enfant,fr,0.99
220,Blouson ski orange 1,en,0.99
221,blousons moto vintage,fr,0.85
222,bnpparibas acces aux comptes,fr,0.99
223,bob l' ponge 1,fr,0.99
224,boite à musique,fr,0.99
225,boite bois,fr,0.99
226,boite trouville,fr,0.99
227,boites conserves laissee au frigo,fr,0.99
228,bojack saison 2,fr,0.85
229,bombasse en chaleur,fr,0.99
230,bon bru,fr,0.99
231,bon brute truand,fr,0.99
232,bon cv exemple,fr,0.99
233,bon de reduction,fr,0.99
234,bondage sodomie,it,0.71
235,bonifier la terre synonyme,fr,0.99
236,bonjour en chti,fr,0.99
237,bonne brunette,fr,0.99
238,bonne pipe au boi,fr,0.99
239,bonnette nettoyeur vapeur,fr,0.99
240,boots bottines hommes,en,0.99
241,bord loire velo camphng,it,0.71
242,bordeaux aéroport bus,fr,0.99
243,bordeaux rose,fr,0.99
244,BOSCH WTW84381FF Sèche-linge,de,0.99
245,bosse sur la tete sans coup,fr,0.99
246,bouba dessin animé acheter,fr,0.99
247,boucher un trou avec du platre,fr,0.99
248,bouchon sur autoroute,fr,0.99
249,Bouchon valve rouge 1,fr,0.99
250,bouge ton été 2015 nantes,fr,0.99
251,bougies anniversaire,fr,0.99
252,bouillon de 11 heures,fr,0.99
253,boulang c3 a9re sex et cochonne n,fr,0.99
254,boulangerie ouverte antony 2 aout,fr,0.85
255,boule blanche sortant de la gorge n,fr,0.99
256,Boule de Cristale Voyance Gratuite,fr,0.99
257,boule de remorque,fr,0.99
258,boule gazon artificiel 40 cm,it,0.71
259,boule lyonnaise de cogny,fr,0.99
260,Bourg-Péronnas Ville,fr,0.99
261,bourrage de crane,fr,0.99
262,bourse aux costumes roi de l'oiseau,fr,0.99
263,boutique de bonbons st sauveur le vicomte,fr,0.99
264,boutis taupe pas cher,fr,0.99
265,bouton de fievre,fr,0.99
266,bowling challans,en,0.99
267,box chevaux pas cher,fr,0.99
268,braderie a chateaubourg,en,0.85
269,branchement du compteur edf au tableau electrique,fr,0.99
270,branchement faisceau electrique multiplexé relais matic V7 megane3,fr,0.99
271,brandade de morue,pt,0.99
272,branle entre jeunes hommes,fr,0.99
273,branlette avec les pieds black,fr,0.99
274,branlette de vieilles francaises,fr,0.99
275,branlette entre petits jeunes,fr,0.99
276,brasseries julien paris,fr,0.99
277,bravone corse perla d isula,it,0.99
278,bretagne match du jour avecle fba performance n,fr,0.99
279,Bricolage dalle pour sol,fr,0.71
280,bridoire chateau dordogne,fr,0.71
281,briguedis guerande,es,0.99
282,brittany brousseau,en,0.99
283,brocantes région d'erquy,fr,0.85
284,brochette de dinde,de,0.99
285,brosserie marchand balai trapeze,it,0.79
286,broutage de minou,fr,0.99
287,brune libertine suceuse route,fr,0.99
288,BTP - Chantier Gros-oeuvre peinture,fr,0.99
289,bts cgo,en,0.99
290,bts economie batiment,fr,0.57
291,bts tourisme correspondance,fr,0.99
292,bubble shooter 3 plein ecran gratuit,en,0.99
293,bubble snooker jeu gratuit,fr,0.99
294,buffet portes coulissantes,fr,0.99
295,bulle shoter 3,en,0.99
296,bureau de change rue de reuilly paris,fr,0.99
297,bureau de poste à montbazon 37250,fr,0.99
298,burger maison,fr,0.99
299,bus annecy grand bornand,en,0.99
300,buse à longue queue,fr,0.99
301,buses puisage eau,fr,0.99
302,c beaucoup mieux comme ca,fr,0.99
303,c est quoi le metier jardinier,fr,0.99
304,c est quoi renault minute,fr,0.99
305,c pas bien,fr,0.99
306,c'est pas bien,fr,0.99
307,c'est pas bien torrents AS,fr,0.99
308,c'est quoi l'ironie,fr,0.99
309,c'est trop d'honneur,fr,0.99
310,c3 1.4 HDI 90AVIS,fr,0.57
311,ça veut dire quoi l'échéance,fr,0.99
312,cabane cochon d'inde,es,0.71
313,cabane dans les arbres st jean des mauvrets,fr,0.99
314,Cabane en bois adulte,fr,0.99
315,cabas imprimé ikat en toile ralph lauren,fr,0.99
316,cabillaud et panais,fr,0.99
317,cabinet dentaire les sorinières horaires,fr,0.99
318,cablage preampli et ampli,fr,0.99
319,cacaoweb pour android gratuit,fr,0.85
320,cache cache horaire troyes,en,0.42
321,cache tTazXrCSIZ4J www.larousse.fr encyclopedie divers Chine_activités_économiques 186041,fr,0.99
322,cache:aN4d9U2GIUwJ:www.voyages-sncf.com/ voyages-sncf.com,en,0.85
323,cacher les amis facebook,fr,0.71
324,Cadre Socio Educatif,it,0.99
325,cafe des sport luchon,fr,0.81
326,cafe toulouse matin horaires,fr,0.99
327,cafe vert pour maigrir ?,fr,0.99
328,cage oiseau en bois,fr,0.99
329,cahier à spirale,fr,0.71
330,cahier d'écriture chinoise,fr,0.99
331,cahier de texte,es,0.59
332,caillot de sang aux poumons,fr,0.85
333,cake au citron,fr,0.71
334,cake aux courgettes,fr,0.99
335,cake aux pommes moelleux,fr,0.99
336,calais news,fr,0.85
337,calanque mots croise,fr,0.99
338,calcalendrier paiement de la retraite,fr,0.99
339,calcul de la retraite de reversion,fr,0.99
340,calcul plus value immobiliere,fr,0.99
341,calcul poid ideal,it,0.99
342,calculs rénaux types,fr,0.99
343,cale porte fantaisie,fr,0.99
344,Calendrier course de cote 2015,fr,0.99
345,calendrier de grossesse en sa,fr,0.85
346,calendrier de maternite,fr,0.57
347,Calendrier Foire a Tout Calvados,fr,0.99
348,calendrier legion,it,0.99
349,calendrier lunaire,fr,0.99
350,calendrier quand faire test de grossesse,fr,0.99
351,calendrier sexi,es,0.99
352,calendrier versement caisse de retraite,fr,0.99
353,calendrier versement retraite carcept m,fr,0.99
354,calmer un mal de foi n,it,0.85
355,calque dessin mygale en 3d,fr,0.57
356,cambrure femme exercices,fr,0.99
357,camera autoroute,fr,0.42
358,Camera Autoroute A75,it,0.85
359,camera cachee femme nue,it,0.71
360,CAMEROUN INFO.COM,en,0.99
361,camion iveco occasion,it,0.99
362,camping a la ferme avec piscine a la rochelle,it,0.99
363,camping a mur de bretagne,fr,0.42
364,camping à Royan,en,0.57
365,camping a stella plage,it,0.99
366,camping dans la manche hpa,it,0.85
367,camping de la vieille église cayeux sur mer,fr,0.99
368,camping de mousserolles fetes de bayonne,fr,0.99
369,camping en dordogne pres de terasson,es,0.85
370,camping en vendee,es,0.85
371,camping estanquet la palmyre,es,0.99
372,Camping Lac de Saint Cassien,fr,0.85
373,camping le calypso torreilles plage,en,0.99
374,camping le floride et l'embouchure,fr,0.99
375,camping le garrit saint cyprien 24,fr,0.71
376,camping les biches,en,0.99
377,camping les dunes,fr,0.85
378,Camping Les Peupliers Ile de Re,fr,0.99
379,camping montherme,en,0.99
380,camping municipale palavas les flot,es,0.71
381,camping paradis saison 1,fr,0.71
382,camping paradis saison 2,fr,0.71
383,camping pre de palavace les flo,fr,0.71
384,camping quiberon 56,es,0.99
385,camping royan avec piscine,it,0.57
386,camping saint hilaire de riez,fr,0.99
387,Camping Sauvage de Beauduc,fr,0.57
388,camping vendée,fr,0.85
389,canal du nivernais en camping car,es,0.85
390,Canapé d'angle cuir 5,fr,0.99
391,canape lit,it,0.99
392,cancer du pancreas symptômes,fr,0.99
393,cancer du poumon avec metatas a la tete pancrea et foie attei,fr,0.99
394,cancer du poumon symptômes,fr,0.99
395,cancer oesophage,en,0.85
396,Cancer Peau Visage,fr,0.99
397,canditate de les reines du shopi.s indimiter chirstiana,fr,0.57
398,canne casting,it,0.99
399,cantal centre thermoludique deChaudes aigues,fr,0.85
400,Cap Corse,it,0.99
401,cap d agde,it,0.85
402,cap d'agde tube,fr,0.99
403,cap vert,it,0.99
404,Cape de bain,fr,0.99
405,capricorne aujourd'hui,fr,0.99
406,capricorne homme,it,0.99
407,capsulite retractile de l epaule,fr,0.99
408,carabine de tir grunig elmiger,es,0.85
409,carafe et glacon n,it,0.85
410,caravane pliante,it,0.99
411,caravane pliante en dur occasion,it,0.71
412,caravanes pliantes toiles TRIGANO,fr,0.99
413,caresses sur homme attaché film gratuit,fr,0.99
414,carnet à spirale,fr,0.99
415,carnet publicitaire,fr,0.99
416,wat causses fingers to be purple,en,0.99
417,what to do with out of date eggs,en,0.99
418,adverts show chandelier brand new,en,0.99
419,computing keep pcs screen dimming,en,0.99
420,corporate staff event ideas dubai,it,0.42
421,doctor low back pain and sciatica,en,0.99
422,fluminense yesterday match result,en,0.85
423,m showadvert hh cob mare now sold,en,0.99
424,m showadvert whitesided rat snake,en,0.99
425,mobile electronics jbl ms cheap t,fr,0.99
426,news october inside necker island,de,0.57
427,photography canon pixma mg and mg,en,0.99
428,sport biggest sunderland villains,fr,0.71
429,venues uk deco lounge hertford sg,en,0.99
430,articles delivery information list,en,0.85
431,camcorder reviews jvc gc xa review,fr,0.71
432,destinations europe czech republic,fr,0.99
433,doctor pancreatic exocrine tumours,fr,0.85
434,forum vehicles trailers sale index,fr,0.85
435,forums showthread php corsa b rear,en,0.99
436,holley base plates interchangeable,en,0.99
437,how to identify synthetic vitamins,en,0.99
438,m showadvert fawn great dane bitch,en,0.99
439,mguide reviews memoirs of a geisha,en,0.99
440,mother of mark and amanda thatcher,en,0.99
441,small corner sofas for small rooms,en,0.99
442,talk chat films set in or about ww,en,0.99
443,torrent red velvet audio happiness,en,0.99
444,transmission rear end howl whine t,en,0.99
445,adverts list clothing and jewellery,en,0.99
446,adverts show ford transit motorhome,en,0.99
447,beline glitter hard case clutch bag,en,0.99
448,best soap for seborrheic dermatitis,en,0.85
449,car parts suzuki swift part gearbox,en,0.99
450,cervical compression cause rib pain,it,0.99
451,forum axles tires wheels sale index,en,0.99
452,guides europe serbia and montenegro,es,0.85
453,it jobs in scotland immediate start,en,0.99
454,larris cross strap flat mule sandal,fr,0.99
455,m showadvert fertile brahma eggs lf,en,0.99
456,movies liv tyler filmed on porn set,en,0.99
457,pregnancy and birth birth c section,en,0.99
458,top s top most common cars of the s,en,0.99
459,videos jason derulo want to want me,en,0.71
460,watch the chronicles of narnia 2005,en,0.99
461,adverts show iphone gb gold unlocked,en,0.99
462,athi pointed toe mid heel court shoe,en,0.99
463,avengers iron man lab attack playset,en,0.99
464,beautiful carole king musical london,en,0.99
465,dos and donts for dating spanish men,en,0.99
466,forums topic as recirc valve problem,fr,0.57
467,gaming destiny getting started guide,en,0.99
468,hertfordshire hatfield mobile phones,en,0.99
469,the hunger games: mockingjay part 1,en,0.99
470,watching game of thrones without hbo,en,0.99
471,adverts show lunar newstar diesel ono,en,0.99
472,destinations europe italy things miss,en,0.85
473,health chronic kidney disease leaflet,en,0.99
474,life my gay experiment a lesbian date,en,0.99
475,medicine fexofenadine tablets telfast,es,0.71
476,mobile audrine pointed toe court shoe,fr,0.57
477,one directions louis parties in pryzm,fr,0.99
478,road tests bmw bmw z sdrive road test,en,0.85
479,superman batman apocalypse gorillavid,it,0.85
480,t s mechanical or hydraulic tensioner,en,0.85
481,carbycar land rover range rover evoque,es,0.99
482,forum mkv mk golf golf plus jetta page,en,0.85
483,forums forum servicing and maintenance,en,0.71
484,forums invert classifieds scorps pedes,en,0.85
485,health allergic conjunctivitis leaflet,en,0.99
486,interiors hallway floor to ceiling map,en,0.99
487,m showadvert gentle friesian x mare hh,en,0.99
488,news archive final fantasy xv hands on,en,0.99
489,news archive law in surveillance state,en,0.85
490,probikekit accountorderhistory account,en,0.85
491,talk living overseas living in america,en,0.99
492,transmission dexron vi or dexron iii t,fr,0.57
493,wheels tires cooper at tire pressure t,en,0.99
494,adverts show canon double cable release,en,0.99
495,bliss daily detoxifying facial toner ml,en,0.99
496,forum interior saddle brown vs espresso,pt,0.71
497,harmful flea collars to be discontinued,en,0.57
498,hotel le manoir de contres loire valley,fr,0.99
499,m showadvert mitsubishi pajero for sale,en,0.99
500,shkurte fejza gresa behluli a je ti ajo,pt,0.42
501,threads panasonic st owners thread page,en,0.99
502,topic help r gti or edition page pid st,en,0.85
503,vbulletin f alarm immobiliser insurance,it,0.68
504,vehicle help weatherstripping door help,en,0.99
505,watch sense and sensibility 2008 online,en,0.99
506,doctor obsessive compulsive disorder pro,pt,0.99
507,doctor recurrent urinary tract infection,en,0.99
508,dog for free to go home dogs and puppies,en,0.99
509,forums f dosing bacteria is it necessary,en,0.99
510,guides europe france cannes where to eat,en,0.85
511,index php topic facelift lights page pid,en,0.99
512,interiors bedroom box frames black walls,en,0.99
513,jobs tax free childcare scheme explained,en,0.85
514,kevin warrington brutal gorsty hill tean,en,0.99
515,m showadvert american bull dog x mastiff,en,0.99
516,m showadvert bmw e i se spares or repair,en,0.99
517,m showadvert lovely french bull dog girl,en,0.99
518,solar powered decorative/garden lighting,en,0.99
519,sons of anarchy will there be a season 8,en,0.99
520,talk relationships a is husband cheating,en,0.99
521,best hotels rome hotels fit for cardinals,en,0.99
522,clothing accessories womens clothing list,en,0.99
523,destinations asia india culture etiquette,fr,0.57
524,forum threads le torque convertor shudder,en,0.71
525,guides europe spain seville where to stay,en,0.99
526,health why wasnt i prescribed antibiotics,en,0.99
527,interiors small bedrooms corridor storage,it,0.85
528,movies avengers friends them tune mash up,en,0.85
529,optimal running temperature for chevy 4.3,en,0.99
530,used car local south east kent gillingham,en,0.99
531,well developed teen loses child rape case,en,0.99
532,how much does dual exhaust cost on a truck,en,0.99
533,kitchen appliances babycakes cupcake maker,en,0.99
534,m showadvert substantial quality cob filly,en,0.99
535,malibu gets an infusion of volt technology,en,0.71
536,newcastle awash with gay cruising hotspots,en,0.99
537,single bed and mattress rotherham for sale,en,0.99
538,social media helps get injured dog rescued,en,0.71
539,suspension silverado front wheel bearing t,en,0.99
540,tehran imam khomeini international airport,it,0.99
541,uk buy sell equestrian leatherwork saddles,en,0.99
542,uk buy sell pets dogs border collie search,en,0.99
543,used cars ford focus trim st colour orange,en,0.99
544,x art streaming best friends with benefits,en,0.99
545,adverts show mercedes camper van conversion,en,0.85
546,area scotland midlothian edinburgh car fiat,en,0.85
547,everybody loves raymond season 4 episode 21,en,0.99
548,forum threads cd player installation on a k,en,0.99
549,how to transfer from ps3 borderlands to ps4,en,0.99
550,job beauty and fragrance consultants needed,en,0.99
551,jobs full time permanent greater london kfc,en,0.99
552,mobile arrow smartwatch degree bezel camera,en,0.85
553,news archive geekdad tests the gtech airram,en,0.99
554,news uk gurn too far puts champ in hospital,en,0.99
555,threads ipod classic and bmw idrive control,en,0.99
556,water scalding but emersion not switched on,en,0.99
557,adverts show canon d dslr camera lenses more,en,0.85
558,adverts show solid pine bedside drawer chest,en,0.99
559,destinations europe czech republic fact file,fr,0.99
560,forum cars sale deep sapphire blue fn type r,fr,0.57
561,forum forums general chevy gm tech questions,en,0.42
562,forums f can anyone identify whats on my gsp,en,0.99
563,m showadvert bichon frise x shih tzu puppies,en,0.99
564,mobile azura pointed toe stiletto court shoe,en,0.71
565,mobile beats buys back htc stake for million,en,0.99
566,recommended uk britains best beaches viewall,en,0.99
567,schwarz rot gold a nations history in colour,en,0.99
568,video chris brown love more feat nicki minaj,en,0.99
569,worlds most beautiful country for travelling,en,0.99
570,girls gq girls agent provocateur private tape,it,0.57
571,life style health raspberries boost fertility,en,0.99
572,life style topfacts top facts about ice cream,en,0.99
573,m showadvert adult leopard tortoises for sale,en,0.99
574,medicine co trimoxazole for infection septrin,it,0.99
575,medicine vancomycin for clostridium difficile,it,0.99
576,news society bring back british hand swearing,en,0.99
577,resource control recommendation in the confab,fr,0.99
578,tech ea battlefield hardline hackers xbox one,en,0.99
579,technical discussion hot tech articles index,de,0.71
580,will doctors help with a non sleeping toddler,en,0.99
581,exterior chevy frame peeling and rusting why t,en,0.99
582,forum forums chevy trailblazer forum gmc envoy,en,0.57
583,job alliance manager it security sales vacancy,fr,0.99
584,life style health is it possible to live years,en,0.99
585,talk allergies can you be allergic to sausages,en,0.99
586,uefa president warns over european hooliganism,en,0.71
587,adverts show glider nursing chair and footstool,en,0.99
588,campervans talbot talbot express avalon cs aspx,fr,0.99
589,cheap used touring caravans for sale fixed beds,en,0.99
590,en gb fernando torres tweets his joy and sorrow,en,0.99
591,film reasons why prometheus is a god awful film,en,0.99
592,job building security and maintenance assistant,en,0.99
593,m showadvert dark throated golden pheasant cock,en,0.99
594,news latest news drunk naked man new york train,en,0.99
595,pregnancy and birth baby names girls baby names,en,0.99
596,adverts show cheshire brick landscaping building,en,0.99
597,car reviews honda civic si review specifications,it,0.85
598,cars build your own lego technic endurance racer,en,0.99
599,digital camera reviews samsung ev nxboius review,en,0.57
600,employer hubs marks spencer organisation profile,fr,0.99
601,entertainment music elvis birthday greatest hits,en,0.85
602,just jane just jane manhood insulting girlfriend,en,0.99
603,news celebrity annoyingness of gisele underrated,en,0.99
604,suspension clunking knocking noise under floor t,en,0.99
605,topic blocking egr vac pipe have i done it right,en,0.99
606,topic key fobs not working even with new battery,en,0.99
607,vegetarian friendly restaurants to try in london,en,0.99
608,cars porsche gt rs details revealed in new report,en,0.99
609,forums discussion how much to replace timing belt,en,0.99
610,forums engines transmission easy tuning sh engine,en,0.99
611,gift toys star wars inch deluxe r d talking plush,en,0.99
612,home troy bilt flex modular maintenance equipment,fr,0.99
613,news lanvin sale rumours french house may be sold,en,0.99
614,news latest news isis breastfeeding biter torture,en,0.99
615,sphynx kittens for sale in flintshire north wales,en,0.99
616,technical discussion atf leak by torque converter,es,0.42
617,threads lager lime is it a big girls blouse drink,en,0.99
618,toyota auris rear skirt manufacturer parts number,fr,0.71
619,adverts show shabby chic side painted pine cabinet,en,0.99
620,destinations europe portugal porto rio douro porto,it,0.85
621,employer hubs arthur d little organisation profile,en,0.85
622,fashion autumn winter ready to wear emanuel ungaro,en,0.99
623,home exactly much soda need drink sodastream worth,en,0.99
